text,class
"Can we adjust the lighting in the conference room to be more energy-efficient? The current settings are too bright and not necessary during daylight hours. Thank you!","Change"
"The air conditioning in my office is too cold and seems to be running continuously. Can it be adjusted to a more comfortable temperature, especially during the afternoons?","Change"
"Security camera 3 in the main lobby is not working properly. It shows a blank screen intermittently. Please send someone to check and fix the issue as soon as possible.","Change"
"Can the hallway lights on the second floor be turned off after 10 PM? They are usually not needed and keeping them on all night seems wasteful. Your assistance is appreciated.","Change"
"The water fountain on the third floor near the elevator is leaking. There is a constant puddle forming, which could be a slip hazard. Maintenance attention is urgently needed.","Change"
"We need to adjust the heating schedule for the weekend to save energy. The building is mostly unoccupied, so lower settings should suffice. Could this be arranged?","Change"
"The motion sensors in the lobby are too sensitive and trigger the lights unnecessarily, even with minor movements. Can their sensitivity be adjusted to reduce this?","Change"
"Can the blinds in the conference room be automated to adjust with the sunlight? They currently need manual adjustment, which is inconvenient during meetings. Thanks!","Change"
"There is an issue with the biometric access at the main door. It frequently fails to recognize registered users, causing delays. Can this be resolved quickly?","Change"
"The energy usage reports for our floor seem inaccurate. The reported consumption is unusually high compared to actual usage. Can we have this checked for possible errors?","Change"
"Can the ventilation be increased in the gym area? It often feels stuffy, especially during peak hours. Better airflow would greatly improve comfort for everyone.","Change"
"We need to install additional cameras in the parking lot. There are some blind spots that could pose security risks. Please consider this request for enhanced safety.","Change"
"The sprinkler system activated without any fire or smoke in the area. It seems to be malfunctioning and could cause unnecessary damage. Immediate inspection is required.","Change"
"The smart thermostat in my office is not responding to any settings changes. It remains fixed at an uncomfortable temperature. Can this be looked into soon?","Change"
"The elevator lighting needs to be brighter for better visibility. It feels dim and somewhat unsafe, especially for those with poor eyesight. Can this be improved?","Change"
"Can we add more recycle bins in the office, especially near the kitchen area? The current number is insufficient for the amount of waste we produce. Thank you.","Change"
"The HVAC system is making a loud noise that disrupts our work. It sounds like a mechanical issue that needs fixing. Can maintenance check and resolve this promptly?","Change"
"The conference room projector is not connecting properly to our laptops. It often loses signal during presentations. Can this be checked for any faults?","Change"
"Can we adjust the security settings for after hours? Currently, the system seems too lenient, allowing access to areas that should be restricted. Your help is needed.","Change"
"The restroom lights are flickering constantly, creating an unpleasant environment. This might be an electrical issue that needs urgent attention. Thank you.","Change"
"The access card system is malfunctioning and frequently denies access to valid cards. This causes frustration and delays. Can this be fixed as soon as possible?","Change"
"The garden irrigation system is not working properly, leading to dry patches in the lawn. Regular maintenance checks might prevent this from recurring. Thanks!","Change"
"The main gate does not open automatically as it should, causing traffic build-up during peak hours. This seems to be a technical issue needing a quick fix.","Change"
"Can we optimize the energy consumption in the cafeteria? The appliances seem to be running even when not in use. Automated control could help reduce waste.","Change"
"The smart lockers in the lobby are not functioning correctly. They fail to unlock with the assigned codes, causing inconvenience. Can this be addressed soon?","Change"
"The lighting in the conference room is perfect. It’s bright enough for meetings and presentations without being too harsh. No adjustments are needed at this time.","Non-Change"
"The air conditioning in my office is just right. It maintains a comfortable temperature throughout the day without any need for manual adjustments. Great job!","Non-Change"
"Security camera 3 in the main lobby is working fine. The feed is clear and stable, providing excellent coverage of the area. No issues to report here.","Non-Change"
"The hallway lights on the second floor are operating as scheduled. They provide sufficient illumination during evening hours and turn off appropriately at night.","Non-Change"
"The water fountain on the third floor near the elevator is working well. The water flow is consistent, and there are no signs of leaks or malfunctions. Keep it up!","Non-Change"
"The heating schedule for the weekend is set correctly. The building remains warm enough for the few occupants while conserving energy. Excellent management.","Non-Change"
"The motion sensors in the lobby are functioning well. They respond to movement accurately without triggering unnecessary lighting. Good balance achieved.","Non-Change"
"The blinds in the conference room are adjusting properly with the sunlight. They provide effective glare reduction during the day. No manual adjustment needed.","Non-Change"
"The biometric access at the main door is smooth. It recognizes users quickly and reliably, ensuring secure and efficient entry. No improvements needed.","Non-Change"
"The energy usage reports for our floor are accurate. The data matches our actual consumption patterns closely, providing useful insights for efficiency.","Non-Change"
"The ventilation in the gym area is adequate. The air quality is good, and it remains comfortable even during busy times. No changes required.","Non-Change"
"The cameras in the parking lot cover all areas effectively. There are no blind spots, and the security footage is clear. Great job ensuring safety.","Non-Change"
"The sprinkler system is operating normally. It responds appropriately to fire drills without false activations. Maintenance seems to be in good order.","Non-Change"
"The smart thermostat in my office is responsive. It adjusts to temperature changes quickly and maintains a comfortable environment. No issues here.","Non-Change"
"The elevator lighting is sufficient for safe use. It’s bright enough for visibility without being too harsh. The current setup works well.","Non-Change"
"We have enough recycle bins in the office, especially near the kitchen area. They are conveniently placed and encourage proper waste segregation.","Non-Change"
"The HVAC system is running quietly and efficiently. There are no disruptive noises, and it maintains a comfortable temperature throughout the day.","Non-Change"
"The conference room projector connects seamlessly to our laptops. It works reliably during presentations with no signal loss. Excellent setup.","Non-Change"
"The security settings for after hours are perfect. The system restricts access appropriately, ensuring safety without being too restrictive.","Non-Change"
"The restroom lights are stable and provide good illumination. There are no flickering issues, and the lighting is consistent throughout the day.","Non-Change"
"The access card system is reliable and grants access smoothly. There are no issues with valid cards being denied, ensuring hassle-free entry.","Non-Change"
"The garden irrigation system works perfectly. The lawn is well-maintained without any dry patches, thanks to regular watering. Great job!","Non-Change"
"The main gate opens automatically as expected, ensuring smooth traffic flow during peak hours. The system is working as intended without issues.","Non-Change"
"The energy consumption in the cafeteria is optimized. The appliances run efficiently, and there is no unnecessary energy wastage. Excellent control.","Non-Change"
"The smart lockers in the lobby are functioning correctly. They unlock with the assigned codes without any problems, providing convenient storage.","Non-Change"
"The conference room lights are too dim during presentations. Can we increase the brightness slightly for better visibility? It's currently affecting the quality of our meetings. Thank you.","Change"
"The air quality in the cafeteria is poor, especially during peak lunch hours. Can we improve the ventilation or increase the frequency of air filtration? It's important for health and comfort.","Change"
"One of the security cameras in the parking lot is obstructed by a tree branch. Can we have it trimmed to ensure the camera has a clear view? This is crucial for maintaining security.","Change"
"The heating in the main lobby is uneven, with some areas being too warm and others too cold. Can we adjust the system for more uniform heating? It's causing discomfort for visitors.","Change"
"The elevator on the west wing is making a strange noise and occasionally stops between floors. This could be a safety concern and needs urgent attention from maintenance.","Change"
"The lights in the storage room turn off too quickly due to the motion sensor settings. Can we extend the duration they stay on to avoid frequent interruptions while working?","Change"
"There is a leak in the roof of the conference room, causing water to drip onto the table. This needs immediate repair to prevent further damage and disruption during meetings.","Change"
"Can we install a hand sanitizer dispenser near the main entrance? It's essential for maintaining hygiene, especially with the high foot traffic we have in that area.","Change"
"The HVAC system in the IT room is not functioning properly, causing overheating of equipment. Can we get this fixed to prevent potential damage and ensure smooth operations?","Change"
"The outdoor lighting in the parking lot is inadequate, making it difficult to see at night. Can we add more lights or increase the brightness of the existing ones for better safety?","Change"
"The coffee machine in the break room is not working. It’s a minor issue but affects morale. Can we get it repaired or replaced soon? Thanks for your understanding.","Change"
"The alarm system has been going off without reason at night. This is disturbing and may indicate a malfunction. Can we have it inspected to prevent false alarms in the future?","Change"
"The office printers are often out of paper or ink. Can we set up a monitoring system to alert when supplies are low? This would help maintain productivity and avoid interruptions.","Change"
"Can we add more comfortable seating in the lounge area? The current chairs are hard and not suitable for long periods. Improving this space would benefit everyone.","Change"
"The temperature in the storage room is too high, affecting the condition of stored items. Can we adjust the HVAC settings to maintain a cooler environment for better preservation?","Change"
"There is a strange odor in the hallway near the restrooms. It might be a plumbing issue that needs to be checked and resolved. This is important for maintaining a pleasant environment.","Change"
"The automatic doors at the main entrance are not closing properly, leading to drafts and energy loss. Can we get them serviced to ensure they function correctly?","Change"
"The meeting room booking system is not syncing with our calendars, causing scheduling conflicts. Can we look into this to improve coordination and avoid double bookings?","Change"
"The sound system in the auditorium is not working properly, with frequent feedback and interruptions. This is affecting events and presentations. Can we get it fixed soon?","Change"
"The blinds in the west wing offices do not fully close, causing glare on computer screens in the afternoon. Can we repair or replace them to improve working conditions?","Change"
"The bike racks outside are often full. Can we add more to accommodate the increasing number of employees who cycle to work? This would encourage more sustainable commuting.","Change"
"The water pressure in the restrooms is too low, making it difficult to wash hands properly. Can we have this checked and fixed for better hygiene?","Change"
"The emergency exit signs in the basement are not illuminated. This is a safety concern that needs immediate attention to ensure clear visibility in case of an emergency.","Change"
"The lights in the stairwell are flickering, which can be disorienting and unsafe. Can we get them replaced or fixed as soon as possible? Thank you for addressing this.","Change"
"The air conditioning in the reception area is too strong, making it uncomfortably cold for visitors. Can we adjust it to a more moderate temperature for better comfort?","Change"
"The conference room lights are perfect for presentations, providing clear visibility without being too harsh. The current settings work well for our needs. No changes required.","Non-Change"
"The air quality in the cafeteria is good, even during peak lunch hours. The ventilation system seems to be working efficiently to maintain a comfortable environment.","Non-Change"
"The security cameras in the parking lot provide excellent coverage and clear visibility, even at night. No obstructions or issues to report. Security is well-maintained.","Non-Change"
"The heating in the main lobby is comfortable and consistent throughout the area. It provides a welcoming atmosphere for visitors without any noticeable hot or cold spots.","Non-Change"
"The elevator on the west wing operates smoothly without any noise or interruptions. It provides reliable service for employees and visitors. Great maintenance work.","Non-Change"
"The lights in the storage room are set correctly, staying on long enough to complete tasks without frequent interruptions. The motion sensor settings are optimal.","Non-Change"
"The conference room roof is in excellent condition with no signs of leaks or damage. The environment remains dry and suitable for meetings and presentations.","Non-Change"
"The hand sanitizer dispensers near the main entrance are fully stocked and conveniently located. They support our hygiene practices effectively. Good placement.","Non-Change"
"The HVAC system in the IT room maintains a stable temperature, ensuring the equipment operates without overheating. The environment is well-regulated for technical needs.","Non-Change"
"The outdoor lighting in the parking lot provides ample illumination, making it safe and easy to navigate at night. The current setup is very effective.","Non-Change"
"The coffee machine in the break room works perfectly, providing a variety of options for employees. It contributes positively to office morale and productivity.","Non-Change"
"The alarm system functions correctly, only activating when necessary. There have been no false alarms or disturbances, indicating reliable performance.","Non-Change"
"The office printers are always stocked with paper and ink, minimizing disruptions and maintaining high productivity levels. The supply monitoring system works well.","Non-Change"
"The seating in the lounge area is comfortable and well-suited for short breaks. The furniture is in good condition, providing a pleasant space for relaxation.","Non-Change"
"The temperature in the storage room is well-regulated, protecting stored items from damage. The HVAC settings are optimal for preserving the condition of supplies.","Non-Change"
"The hallway near the restrooms is free of any unpleasant odors. The plumbing system appears to be in good working order, contributing to a pleasant environment.","Non-Change"
"The automatic doors at the main entrance close properly, preventing drafts and maintaining energy efficiency. They function smoothly and reliably.","Non-Change"
"The meeting room booking system works seamlessly with our calendars, ensuring efficient scheduling and avoiding any conflicts. It helps in managing our meetings effectively.","Non-Change"
"The sound system in the auditorium delivers clear audio without feedback or interruptions. It supports events and presentations excellently, enhancing the overall experience.","Non-Change"
"The blinds in the west wing offices work well, providing adequate shade and preventing glare on computer screens. They are in good condition and easy to adjust.","Non-Change"
"The bike racks outside have sufficient space, accommodating all employees who cycle to work. This supports our sustainable commuting initiatives effectively.","Non-Change"
"The water pressure in the restrooms is strong, making it easy to wash hands properly. The plumbing system seems to be in excellent condition, supporting hygiene standards.","Non-Change"
"The emergency exit signs in the basement are well-illuminated, ensuring clear visibility and safety in case of an emergency. The safety measures are up to standard.","Non-Change"
"The lights in the stairwell are stable and provide consistent illumination. They ensure safe navigation without any flickering or disruptions. Great maintenance work.","Non-Change"
"The air conditioning in the reception area is set to a comfortable level, providing a welcoming environment for visitors. The temperature control is well-managed.","Non-Change"
"The lighting in the common areas is too bright at night. Can we dim them after 8 PM to save energy? It would also create a more relaxed atmosphere for evening work.","Change"
"The temperature in the meeting rooms fluctuates frequently, making it uncomfortable for attendees. Can we stabilize the HVAC settings for more consistent comfort?","Change"
"The security gate at the main entrance sometimes fails to open with access cards, causing delays. Can we inspect and fix the access control system?","Change"
"The cleaning staff often forget to restock the restroom supplies. Can we implement a checklist system to ensure everything is replenished regularly?","Change"
"The outdoor seating area could use more shade. Can we install additional umbrellas or a pergola to provide better sun protection during breaks?","Change"
"The indoor plants in the lobby are not being watered regularly and are starting to wilt. Can we set up an automated irrigation system to keep them healthy?","Change"
"The noise levels in the open-plan office are too high, making it hard to concentrate. Can we install some soundproofing panels or provide noise-cancelling headphones?","Change"
"The parking lot often floods during heavy rain. Can we improve the drainage system to prevent water accumulation and ensure safe parking conditions?","Change"
"The break room fridge is too small for the number of employees. Can we get a larger refrigerator or add an additional one to accommodate everyone's needs?","Change"
"The hand dryers in the restrooms are too loud and disruptive. Can we switch to quieter models or provide paper towels as an alternative?","Change"
"The software on the office computers is outdated and causing productivity issues. Can we schedule an update or upgrade to ensure smoother operations?","Change"
"The windows in the office are difficult to open and close. Can we repair or replace the faulty mechanisms to allow for better ventilation?","Change"
"The emergency exit doors are heavy and hard to push open. Can we adjust them to ensure they are easily accessible in case of an emergency?","Change"
"The lighting in the parking garage is dim, making it feel unsafe at night. Can we increase the brightness for better visibility and security?","Change"
"The carpet in the main lobby is worn out and looks shabby. Can we replace it to maintain a professional and welcoming appearance?","Change"
"The wireless network is unreliable and often disconnects. Can we improve the Wi-Fi infrastructure to ensure consistent connectivity throughout the building?","Change"
"The office chairs are uncomfortable and causing back pain for many employees. Can we invest in ergonomic chairs to improve workplace comfort?","Change"
"The signage around the building is confusing for visitors. Can we update and improve the wayfinding signs to ensure clear and easy navigation?","Change"
"The automatic doors at the back entrance are slow to open, causing delays. Can we speed up their operation for more efficient access?","Change"
"The vending machines often run out of popular items quickly. Can we increase the restocking frequency to ensure availability of snacks and drinks?","Change"
"The skylights in the atrium let in too much heat during the summer. Can we install shades or tinted glass to reduce the heat and improve comfort?","Change"
"The main conference room lacks sufficient power outlets for laptops and devices. Can we add more outlets or provide power strips for meetings?","Change"
"The fire alarm system is overly sensitive and triggers false alarms frequently. Can we calibrate it to reduce unnecessary disruptions?","Change"
"The garden area could use more seating. Can we add benches or picnic tables to make it a more usable space for employees to relax?","Change"
"The HVAC vents are dirty and affecting air quality. Can we schedule regular cleaning to ensure a healthier indoor environment?","Change"
"The lighting in the common areas is well-balanced, providing enough brightness without being too harsh. It creates a comfortable environment for evening work.","Non-Change"
"The temperature in the meeting rooms is stable, making it comfortable for attendees. The HVAC settings seem to be well-maintained and consistent.","Non-Change"
"The security gate at the main entrance operates smoothly with access cards, ensuring quick and secure entry for all employees and visitors.","Non-Change"
"The cleaning staff consistently restock the restroom supplies, ensuring everything is replenished regularly. The restrooms are always well-maintained.","Non-Change"
"The outdoor seating area has adequate shade, with umbrellas and trees providing good sun protection during breaks. It is a pleasant space to relax.","Non-Change"
"The indoor plants in the lobby are healthy and well-maintained. They are regularly watered and add a fresh, welcoming touch to the environment.","Non-Change"
"The noise levels in the open-plan office are manageable, allowing for concentration without being disruptive. The workspace is conducive to productivity.","Non-Change"
"The parking lot has effective drainage, preventing floods during heavy rain. It ensures safe parking conditions for all employees and visitors.","Non-Change"
"The break room fridge is sufficiently large for the number of employees, accommodating everyone's needs without any space issues.","Non-Change"
"The hand dryers in the restrooms are reasonably quiet and effective, providing a good alternative to paper towels without being disruptive.","Non-Change"
"The software on the office computers is up-to-date, ensuring smooth operations and high productivity levels. There are no significant issues to report.","Non-Change"
"The windows in the office are easy to open and close, allowing for good ventilation when needed. The mechanisms are in good working order.","Non-Change"
"The emergency exit doors are light and easy to push open, ensuring they are accessible in case of an emergency. They function perfectly.","Non-Change"
"The lighting in the parking garage is bright, making it feel safe and secure at night. Visibility is excellent, contributing to overall security.","Non-Change"
"The carpet in the main lobby is in good condition, maintaining a professional and welcoming appearance. It adds to the overall aesthetic of the building.","Non-Change"
"The wireless network is reliable, providing consistent connectivity throughout the building. Employees can work without interruptions.","Non-Change"
"The office chairs are comfortable and supportive, preventing back pain and improving workplace comfort. They contribute positively to employee well-being.","Non-Change"
"The signage around the building is clear and easy to follow, helping visitors navigate without confusion. It is well-designed and effective.","Non-Change"
"The automatic doors at the back entrance open quickly and efficiently, ensuring smooth access without causing delays. They function very well.","Non-Change"
"The vending machines are well-stocked, ensuring the availability of snacks and drinks. Popular items are replenished frequently, meeting demand.","Non-Change"
"The skylights in the atrium provide natural light without letting in too much heat during the summer. They contribute to a pleasant indoor environment.","Non-Change"
"The main conference room has sufficient power outlets for laptops and devices, ensuring everyone can stay connected during meetings.","Non-Change"
"The fire alarm system is properly calibrated, reducing false alarms and unnecessary disruptions. It ensures safety without being overly sensitive.","Non-Change"
"The garden area has ample seating, with benches and picnic tables providing comfortable places for employees to relax and enjoy the outdoors.","Non-Change"
"The HVAC vents are clean and well-maintained, ensuring good air quality and a healthier indoor environment. Regular cleaning is scheduled.","Non-Change"
"The lighting in the conference rooms is too bright. Can we dim them for better presentations and meetings? It would help in creating a more comfortable environment.","Change"
"The air conditioning in the office is inconsistent, causing some areas to be too cold and others too warm. Can we adjust it for more uniform temperature control?","Change"
"The security system at the main entrance is slow to recognize access cards, leading to delays. Can we speed up the response time for better efficiency?","Change"
"The restrooms often run out of soap and paper towels. Can we ensure they are restocked more frequently? It's important for maintaining hygiene.","Change"
"The outdoor seating area needs more comfortable chairs. Can we add some cushions or more ergonomic options for better comfort during breaks?","Change"
"The plants in the office need more attention. Can we schedule regular watering and maintenance to keep them healthy and vibrant?","Change"
"The open-plan office is too noisy, making it hard to concentrate. Can we create some quiet zones or provide noise-cancelling headphones?","Change"
"The parking lot could use more lighting for better visibility and safety at night. Can we install additional lights?","Change"
"The break room microwave is not heating food properly. Can we replace it with a new one to ensure it works efficiently?","Change"
"The hand sanitizer dispensers are often empty. Can we increase the frequency of refills to ensure availability for everyone?","Change"
"The computers in the lab are outdated and slow. Can we upgrade the hardware to improve performance and productivity?","Change"
"The windows in the meeting rooms are hard to open. Can we fix the mechanisms to allow for better ventilation?","Change"
"The emergency exit signs are not clearly visible. Can we ensure they are illuminated and easy to see in case of an emergency?","Change"
"The parking garage is too dark, making it feel unsafe. Can we improve the lighting to enhance security?","Change"
"The carpet in the hallways is worn out and looks dated. Can we replace it to maintain a professional appearance?","Change"
"The Wi-Fi in the building is unreliable, causing frequent disconnections. Can we upgrade the network to ensure stable connectivity?","Change"
"The office chairs are not ergonomic, causing discomfort. Can we invest in better chairs to improve employee well-being?","Change"
"The signs around the building are confusing. Can we update them to make navigation easier for visitors?","Change"
"The automatic doors are slow to open, causing inconvenience. Can we adjust the settings for quicker response?","Change"
"The vending machines often run out of snacks. Can we increase the restocking frequency to ensure availability?","Change"
"The sun shines directly into the main lobby, making it uncomfortably hot. Can we install shades or blinds to reduce the heat?","Change"
"The main conference room lacks enough power outlets. Can we add more to accommodate laptops and other devices during meetings?","Change"
"The fire alarm system is too sensitive, causing false alarms. Can we calibrate it to prevent unnecessary disruptions?","Change"
"The garden area lacks seating. Can we add benches or chairs to make it a more inviting space for relaxation?","Change"
"The HVAC vents are dirty, affecting air quality. Can we schedule regular cleaning to maintain a healthy environment?","Change"
"The lighting in the conference rooms is perfect, providing the right brightness for presentations and meetings. It creates a comfortable environment for all attendees.","Non-Change"
"The air conditioning in the office is consistent, ensuring all areas are kept at a comfortable temperature. The system works well for uniform temperature control.","Non-Change"
"The security system at the main entrance recognizes access cards quickly, ensuring smooth and efficient entry for all employees and visitors.","Non-Change"
"The restrooms are always stocked with soap and paper towels, maintaining hygiene standards effectively. The restocking frequency is adequate.","Non-Change"
"The outdoor seating area is comfortable, with chairs that provide good support. It offers a pleasant space for breaks and relaxation.","Non-Change"
"The plants in the office are well-maintained, looking healthy and vibrant. Regular watering and care keep them in excellent condition.","Non-Change"
"The open-plan office has a good balance of noise levels, allowing for concentration without excessive distractions. The workspace is conducive to productivity.","Non-Change"
"The parking lot is well-lit, providing good visibility and ensuring safety at night. The lighting setup is very effective.","Non-Change"
"The break room microwave heats food efficiently, making it easy for employees to enjoy their meals. It works perfectly.","Non-Change"
"The hand sanitizer dispensers are always full, ensuring availability for everyone. The refilling schedule is well-managed.","Non-Change"
"The computers in the lab are up-to-date, offering fast and reliable performance. The hardware supports high productivity levels.","Non-Change"
"The windows in the meeting rooms are easy to open, allowing for good ventilation. The mechanisms function smoothly.","Non-Change"
"The emergency exit signs are clearly visible, illuminated properly to ensure they can be seen in case of an emergency.","Non-Change"
"The parking garage is well-lit, providing a sense of security and safety. The lighting enhances visibility effectively.","Non-Change"
"The carpet in the hallways is in good condition, maintaining a professional appearance. It adds to the aesthetic appeal of the building.","Non-Change"
"The Wi-Fi in the building is reliable, providing stable connectivity with no frequent disconnections. The network works well.","Non-Change"
"The office chairs are ergonomic and comfortable, contributing to better employee well-being. They provide good support for long working hours.","Non-Change"
"The signs around the building are clear and easy to follow, making navigation straightforward for visitors and employees.","Non-Change"
"The automatic doors open quickly, providing convenient and efficient access. The settings are optimized for smooth operation.","Non-Change"
"The vending machines are well-stocked, ensuring a variety of snacks are always available. The restocking frequency meets the demand.","Non-Change"
"The sun does not cause excessive heat in the main lobby, maintaining a comfortable temperature. The area remains pleasant throughout the day.","Non-Change"
"The main conference room has enough power outlets to accommodate laptops and other devices, supporting the needs of all attendees during meetings.","Non-Change"
"The fire alarm system is properly calibrated, minimizing false alarms and ensuring safety without unnecessary disruptions.","Non-Change"
"The garden area is well-equipped with seating, offering benches and chairs that make it an inviting space for employees to relax.","Non-Change"
"The HVAC vents are clean, maintaining good air quality and a healthy environment. Regular cleaning keeps the system in excellent condition.","Non-Change"
"The lighting in the corridors is too harsh. Can we switch to softer, warmer lights to create a more welcoming atmosphere?","Change"
"The air conditioning in the gym is not cooling effectively. Can we get it checked and fixed to ensure a comfortable temperature during workouts?","Change"
"The security system frequently glitches, causing false alarms. Can we have it inspected and repaired to avoid unnecessary disruptions?","Change"
"The restrooms often run out of toilet paper. Can we increase the restocking frequency to ensure availability?","Change"
"The outdoor seating area could use more tables. Can we add a few more to accommodate the increasing number of employees using the space during breaks?","Change"
"The office plants need more sunlight. Can we move them closer to the windows to ensure they get adequate light?","Change"
"The noise from the HVAC system is too loud, making it hard to concentrate. Can we look into reducing the noise levels?","Change"
"The parking lot needs more bike racks. Can we install additional racks to support employees who cycle to work?","Change"
"The break room coffee machine is not working. Can we replace it to ensure we have a functional machine for everyone?","Change"
"The hand soap in the restrooms is often empty. Can we ensure it is refilled regularly to maintain hygiene standards?","Change"
"The computers in the office are running slow. Can we upgrade the software to improve performance?","Change"
"The windows in the break room are difficult to open. Can we repair them to allow for better ventilation?","Change"
"The emergency exit in the basement is blocked by storage boxes. Can we clear the area to ensure it is accessible in case of an emergency?","Change"
"The parking garage has several potholes. Can we have them fixed to prevent damage to cars and ensure safety?","Change"
"The carpet in the conference rooms is stained and looks unprofessional. Can we get it cleaned or replaced?","Change"
"The Wi-Fi in the building is slow, especially during peak hours. Can we upgrade the network to ensure faster speeds?","Change"
"The office chairs are worn out and uncomfortable. Can we replace them with new ergonomic chairs?","Change"
"The signs for the emergency exits are not very visible. Can we improve their visibility to ensure everyone knows where to go in an emergency?","Change"
"The automatic doors are not closing properly, causing drafts. Can we have them repaired to ensure they close fully?","Change"
"The vending machines often get jammed. Can we service them regularly to ensure they work properly?","Change"
"The sun shines directly into the offices in the afternoon, causing glare on computer screens. Can we install blinds or shades?","Change"
"The main conference room does not have enough whiteboards. Can we add more to facilitate better presentations and meetings?","Change"
"The fire extinguishers are not clearly marked. Can we ensure they are properly labeled and visible?","Change"
"The garden area is overgrown and needs maintenance. Can we schedule regular gardening to keep it tidy?","Change"
"The HVAC system filters need replacing. Can we ensure this is done regularly to maintain good air quality?","Change"
"The lighting in the corridors is perfect, creating a warm and welcoming atmosphere. The current setup works very well.","Non-Change"
"The air conditioning in the gym cools effectively, maintaining a comfortable temperature for workouts. The system is working great.","Non-Change"
"The security system is reliable with no false alarms, ensuring safety without disruptions. It is functioning perfectly.","Non-Change"
"The restrooms are always stocked with toilet paper, maintaining availability consistently. The restocking schedule is adequate.","Non-Change"
"The outdoor seating area has enough tables to accommodate everyone during breaks. It is a pleasant space for relaxation.","Non-Change"
"The office plants are well-placed and receive enough sunlight to thrive. They look healthy and vibrant.","Non-Change"
"The noise from the HVAC system is minimal, allowing for concentration without disturbances. The environment is quiet and conducive to work.","Non-Change"
"The parking lot has ample bike racks, supporting employees who cycle to work. There is always enough space for bikes.","Non-Change"
"The break room coffee machine works perfectly, providing coffee for everyone. It is a reliable machine.","Non-Change"
"The hand soap in the restrooms is always full, ensuring hygiene standards are maintained. The refilling schedule is well-managed.","Non-Change"
"The computers in the office run smoothly with no performance issues. The software is up-to-date and efficient.","Non-Change"
"The windows in the break room open easily, allowing for good ventilation. They are in excellent working order.","Non-Change"
"The emergency exit in the basement is clear and accessible, ensuring it can be used in case of an emergency. The area is well-maintained.","Non-Change"
"The parking garage is in good condition with no potholes, ensuring safety and preventing damage to cars. It is well-maintained.","Non-Change"
"The carpet in the conference rooms is clean and looks professional. It adds to the aesthetic appeal of the space.","Non-Change"
"The Wi-Fi in the building is fast and reliable, even during peak hours. The network setup is very effective.","Non-Change"
"The office chairs are comfortable and ergonomic, supporting good posture and comfort throughout the workday.","Non-Change"
"The signs for the emergency exits are clearly visible, ensuring everyone knows where to go in an emergency. They are well-placed.","Non-Change"
"The automatic doors close properly, preventing drafts and maintaining a comfortable indoor temperature. They function correctly.","Non-Change"
"The vending machines work perfectly without jams, ensuring availability of snacks and drinks. They are well-maintained.","Non-Change"
"The sun does not cause excessive glare in the offices, maintaining a comfortable environment for working. The current setup is effective.","Non-Change"
"The main conference room has enough whiteboards, facilitating presentations and meetings effectively. The resources are adequate.","Non-Change"
"The fire extinguishers are clearly marked and visible, ensuring they can be easily located in an emergency. They are well-labeled.","Non-Change"
"The garden area is well-maintained and tidy, providing a pleasant outdoor space for relaxation. The regular gardening keeps it in good shape.","Non-Change"
"The HVAC system filters are clean and well-maintained, ensuring good air quality throughout the building. Regular maintenance is performed.","Non-Change"
"The lighting in the stairwells is too dim, making it difficult to see. Can we increase the brightness for better visibility and safety?","Change"
"The air conditioning in the server room is not cooling effectively. Can we get it checked to prevent overheating of equipment?","Change"
"The security cameras have blind spots in the parking lot. Can we reposition them to cover all areas for better security?","Change"
"The restrooms have a persistent odor. Can we check the plumbing and ventilation to resolve this issue?","Change"
"The outdoor seating area needs more shade. Can we install umbrellas or a canopy to provide sun protection?","Change"
"The office plants are attracting pests. Can we address this issue with proper pest control measures?","Change"
"The noise from the break room is too loud, disturbing nearby offices. Can we add soundproofing to minimize the noise?","Change"
"The parking lot needs more security patrols. Can we increase the frequency to ensure the safety of vehicles?","Change"
"The break room refrigerator is too small. Can we get a larger one to accommodate everyone's food?","Change"
"The hand dryers in the restrooms are too weak. Can we replace them with more powerful models for better efficiency?","Change"
"The office computers need more memory. Can we upgrade them to improve performance for our tasks?","Change"
"The windows in the office are dirty. Can we schedule regular cleaning to maintain a clear view and cleanliness?","Change"
"The emergency exits are not well-marked. Can we improve the signage to ensure everyone knows where to go in an emergency?","Change"
"The parking garage needs better signage. Can we add more directional signs to help navigate the area?","Change"
"The carpet in the lobby is frayed and poses a tripping hazard. Can we replace it to ensure safety?","Change"
"The Wi-Fi in the basement is weak. Can we boost the signal to ensure reliable connectivity in all areas?","Change"
"The office chairs are breaking down. Can we replace them with new, durable models to ensure comfort and safety?","Change"
"The signs for the restrooms are unclear. Can we improve them to make it easier for visitors to find their way?","Change"
"The automatic doors are too slow, causing delays. Can we speed up their operation for better efficiency?","Change"
"The vending machines do not accept credit cards. Can we upgrade them to offer more payment options?","Change"
"The sun shines directly into the meeting rooms, causing glare. Can we install blinds to reduce the glare and improve comfort?","Change"
"The main conference room does not have a projector. Can we install one to facilitate presentations and meetings?","Change"
"The fire alarm is too quiet. Can we increase the volume to ensure it is heard by everyone in an emergency?","Change"
"The garden area has overgrown plants. Can we schedule regular maintenance to keep it neat and inviting?","Change"
"The HVAC system makes a rattling noise. Can we have it inspected and repaired to reduce the noise?","Change"
"The lighting in the stairwells is perfect, providing good visibility and safety. It is bright enough without being harsh.","Non-Change"
"The air conditioning in the server room cools effectively, preventing overheating of equipment. The system works well.","Non-Change"
"The security cameras cover all areas of the parking lot, ensuring there are no blind spots. Security is well-maintained.","Non-Change"
"The restrooms are clean and odor-free, indicating good plumbing and ventilation. The environment is pleasant.","Non-Change"
"The outdoor seating area has adequate shade, with umbrellas and a canopy providing sun protection. It is comfortable to use.","Non-Change"
"The office plants are healthy and pest-free, thanks to proper maintenance and pest control measures.","Non-Change"
"The noise from the break room is minimal and does not disturb nearby offices. The soundproofing is effective.","Non-Change"
"The parking lot is secure with frequent security patrols, ensuring the safety of vehicles. The measures are adequate.","Non-Change"
"The break room refrigerator is sufficiently large to accommodate everyone's food. There is enough space for all.","Non-Change"
"The hand dryers in the restrooms are powerful and efficient, ensuring hands are dried quickly and thoroughly.","Non-Change"
"The office computers have enough memory and perform well for all tasks. There are no performance issues.","Non-Change"
"The windows in the office are clean and clear, providing a good view and maintaining cleanliness. Regular cleaning is done.","Non-Change"
"The emergency exits are well-marked with clear signage, ensuring everyone knows where to go in an emergency.","Non-Change"
"The parking garage has excellent signage, making it easy to navigate the area without confusion.","Non-Change"
"The carpet in the lobby is in good condition, posing no tripping hazards and ensuring safety. It is well-maintained.","Non-Change"
"The Wi-Fi in the basement is strong and reliable, ensuring connectivity in all areas without any issues.","Non-Change"
"The office chairs are in good condition, providing comfort and safety. They are durable and supportive.","Non-Change"
"The signs for the restrooms are clear and easy to understand, making it simple for visitors to find their way.","Non-Change"
"The automatic doors open and close quickly, providing efficient access without causing delays. They function well.","Non-Change"
"The vending machines accept credit cards and offer various payment options, making them convenient to use.","Non-Change"
"The sun does not cause glare in the meeting rooms, maintaining a comfortable environment for everyone. The setup is effective.","Non-Change"
"The main conference room is equipped with a projector, facilitating presentations and meetings effectively.","Non-Change"
"The fire alarm is loud and clear, ensuring it is heard by everyone in an emergency. The volume is adequate.","Non-Change"
"The garden area is well-maintained, with plants neatly trimmed and inviting. Regular maintenance keeps it in good shape.","Non-Change"
"The HVAC system operates quietly, without any rattling noise, providing a peaceful environment. It is in good condition.","Non-Change"
"The elevator is frequently out of order, causing delays. Can we have it serviced regularly to ensure it works properly?","Change"
"The coffee machine is leaking and making a mess in the break room. Can we get it repaired or replaced?","Change"
"The security gate is slow to open with access cards, causing traffic at the entrance. Can we speed up the response time?","Change"
"The HVAC system is not maintaining a consistent temperature. Some rooms are too hot while others are too cold. Can we balance it out?","Change"
"The restrooms are often out of paper towels. Can we install air dryers or ensure regular refilling of paper towels?","Change"
"The conference room projector is not functioning properly. Can we have it checked and fixed to ensure it works for meetings?","Change"
"The parking lot lights are flickering. Can we replace them to ensure proper lighting and safety at night?","Change"
"The office desks are wobbly and unstable. Can we repair or replace them to provide a better working environment?","Change"
"The hallway carpets are dirty and stained. Can we schedule regular cleaning to maintain cleanliness?","Change"
"The kitchen faucet is dripping, wasting water. Can we fix it to prevent water wastage?","Change"
"The internet connection is unstable, causing disruptions during work. Can we improve the network for reliable connectivity?","Change"
"The hand sanitizer dispensers are often empty. Can we ensure they are refilled more frequently?","Change"
"The ventilation in the gym is poor, making it stuffy during workouts. Can we improve the airflow?","Change"
"The office printer jams frequently, causing delays. Can we replace it with a more reliable model?","Change"
"The windows in the lobby are dirty, blocking the view. Can we schedule regular cleaning?","Change"
"The stairwell is poorly lit, making it unsafe. Can we install brighter lights for better visibility?","Change"
"The conference room lacks enough chairs. Can we add more to accommodate all participants during meetings?","Change"
"The thermostat in the main office is not responsive. Can we have it checked to ensure proper temperature control?","Change"
"The fire extinguishers are not easily accessible. Can we ensure they are placed in visible and reachable locations?","Change"
"The garden sprinklers are malfunctioning, overwatering some areas and missing others. Can we adjust them for even watering?","Change"
"The break room microwave is outdated and inefficient. Can we get a new one to ensure it works well?","Change"
"The air conditioning in the lobby is too cold. Can we adjust it to a more comfortable temperature?","Change"
"The security system notifications are too frequent and unnecessary. Can we adjust the settings to avoid constant alerts?","Change"
"The parking spaces are too narrow, making it hard to park. Can we reconfigure the layout for easier parking?","Change"
"The automatic doors at the main entrance are not working smoothly. Can we service them to ensure they open and close properly?","Change"
"The elevator operates smoothly without any issues, providing reliable service for everyone. It is well-maintained.","Non-Change"
"The coffee machine works perfectly, providing hot drinks without any leaks. It is in good condition.","Non-Change"
"The security gate opens quickly with access cards, ensuring smooth traffic flow at the entrance. The system works efficiently.","Non-Change"
"The HVAC system maintains a consistent temperature throughout the building, ensuring comfort in all rooms.","Non-Change"
"The restrooms are always stocked with paper towels, maintaining hygiene standards effectively. The refilling schedule is adequate.","Non-Change"
"The conference room projector functions perfectly, providing clear visuals for meetings and presentations.","Non-Change"
"The parking lot lights are stable and bright, ensuring proper lighting and safety at night. They are well-maintained.","Non-Change"
"The office desks are sturdy and stable, providing a solid working environment for everyone.","Non-Change"
"The hallway carpets are clean and free of stains, maintaining a neat and professional appearance.","Non-Change"
"The kitchen faucet works well with no leaks, preventing water wastage. It is in good working condition.","Non-Change"
"The internet connection is stable and reliable, ensuring smooth and uninterrupted work. The network is robust.","Non-Change"
"The hand sanitizer dispensers are always full, ensuring availability for everyone. The refilling schedule is well-managed.","Non-Change"
"The ventilation in the gym is good, providing fresh air and preventing stuffiness during workouts.","Non-Change"
"The office printer works reliably with no jams, ensuring smooth and efficient printing. It is a reliable model.","Non-Change"
"The windows in the lobby are clean and clear, providing an unobstructed view and maintaining a pleasant environment.","Non-Change"
"The stairwell is well-lit, ensuring safety and visibility. The lighting setup is effective.","Non-Change"
"The conference room has enough chairs to accommodate all participants, providing a comfortable setting for meetings.","Non-Change"
"The thermostat in the main office is responsive, ensuring proper temperature control for a comfortable environment.","Non-Change"
"The fire extinguishers are easily accessible, placed in visible and reachable locations for safety.","Non-Change"
"The garden sprinklers work efficiently, providing even watering and keeping the garden well-maintained.","Non-Change"
"The break room microwave works efficiently, heating food quickly and evenly. It is in good condition.","Non-Change"
"The air conditioning in the lobby is set to a comfortable temperature, providing a pleasant environment.","Non-Change"
"The security system notifications are appropriately timed, providing necessary alerts without being intrusive.","Non-Change"
"The parking spaces are adequately sized, making it easy to park without any issues.","Non-Change"
"The automatic doors at the main entrance work smoothly, opening and closing properly without any problems.","Non-Change"
"The office lights are flickering and causing eye strain. Can we replace them to prevent discomfort?","Change"
"The air conditioning in the conference room is too noisy. Can we have it serviced to reduce the noise?","Change"
"The security alarms go off randomly at night. Can we fix the system to avoid false alarms?","Change"
"The restroom faucets are hard to turn off completely. Can we repair them to stop water wastage?","Change"
"The outdoor seating area is often wet from rain. Can we add a canopy to keep it dry?","Change"
"The plants in the office need fertilizing. Can we schedule regular maintenance?","Change"
"The noise from the adjacent construction is disruptive. Can we install sound barriers?","Change"
"The parking lot lines are faded, making it hard to park. Can we repaint them?","Change"
"The break room oven is not heating evenly. Can we replace it to ensure it works properly?","Change"
"The soap dispensers in the restrooms are difficult to use. Can we replace them with easier models?","Change"
"The office computers need software updates. Can we schedule an update to ensure security?","Change"
"The windows in the main hall are hard to clean. Can we install automated cleaning systems?","Change"
"The emergency exit lights are dim. Can we replace them to ensure visibility in emergencies?","Change"
"The parking garage ventilation is poor, causing exhaust buildup. Can we improve the system?","Change"
"The carpet in the executive office is stained. Can we replace it to maintain professionalism?","Change"
"The Wi-Fi signal is weak in the storage area. Can we install boosters for better connectivity?","Change"
"The chairs in the cafeteria are uncomfortable. Can we replace them with more comfortable options?","Change"
"The signs in the building are outdated. Can we update them to improve navigation?","Change"
"The automatic doors at the side entrance are slow. Can we speed them up for better access?","Change"
"The vending machines are not stocked with healthy options. Can we add more variety?","Change"
"The sun shines directly into the office, causing heat buildup. Can we install reflective films?","Change"
"The conference room lacks sufficient power outlets. Can we add more for convenience?","Change"
"The fire drill procedures are unclear. Can we have a clear plan and regular drills?","Change"
"The garden area has no lighting, making it unusable at night. Can we add some lights?","Change"
"The HVAC filters are old and need replacing. Can we ensure regular maintenance?","Change"
"The office lights are stable and provide good illumination, preventing any discomfort or eye strain.","Non-Change"
"The air conditioning in the conference room is quiet and efficient, ensuring a comfortable environment.","Non-Change"
"The security alarms function properly without any false alarms, maintaining peace and security at night.","Non-Change"
"The restroom faucets work perfectly, turning off completely and preventing any water wastage.","Non-Change"
"The outdoor seating area stays dry with adequate shelter, providing a comfortable space even during rain.","Non-Change"
"The plants in the office are healthy and well-maintained, with regular fertilizing and care.","Non-Change"
"The noise levels are manageable, even with the adjacent construction, allowing for a productive work environment.","Non-Change"
"The parking lot lines are clear and visible, making it easy to park and navigate the area.","Non-Change"
"The break room oven heats evenly, ensuring that food is cooked properly and efficiently.","Non-Change"
"The soap dispensers in the restrooms are easy to use and dispense soap effectively, maintaining hygiene.","Non-Change"
"The office computers are up-to-date with the latest software, ensuring security and efficiency.","Non-Change"
"The windows in the main hall are clean and clear, providing a pleasant view and good visibility.","Non-Change"
"The emergency exit lights are bright and ensure visibility, guiding everyone safely in case of an emergency.","Non-Change"
"The parking garage ventilation is good, preventing exhaust buildup and ensuring fresh air.","Non-Change"
"The carpet in the executive office is clean and adds to the professional appearance of the space.","Non-Change"
"The Wi-Fi signal is strong throughout the building, including the storage area, ensuring reliable connectivity.","Non-Change"
"The chairs in the cafeteria are comfortable, providing a pleasant seating option for everyone.","Non-Change"
"The signs in the building are clear and up-to-date, making navigation easy for visitors and employees.","Non-Change"
"The automatic doors at the side entrance open quickly and smoothly, ensuring convenient access.","Non-Change"
"The vending machines offer a variety of healthy options, providing good choices for everyone.","Non-Change"
"The sun does not cause heat buildup in the office, maintaining a comfortable temperature throughout the day.","Non-Change"
"The conference room has sufficient power outlets, making it easy to plug in devices as needed.","Non-Change"
"The fire drill procedures are clear and regularly practiced, ensuring everyone knows what to do in an emergency.","Non-Change"
"The garden area is well-lit, making it a usable and pleasant space even at night.","Non-Change"
"The HVAC filters are new and regularly maintained, ensuring good air quality throughout the building.","Non-Change"
"The office lighting is too dim in the mornings. Can we adjust it for better visibility?","Change"
"The air conditioning unit near my desk is dripping water. Can we fix it to prevent slips?","Change"
"The security guard often falls asleep at night. Can we ensure better vigilance?","Change"
"The restroom tiles are slippery when wet. Can we install non-slip mats?","Change"
"The outdoor seating area gets too hot in the afternoon. Can we add some fans?","Change"
"The office plants are dusty and need cleaning. Can we schedule regular maintenance?","Change"
"The noise from the street is too loud. Can we install soundproof windows?","Change"
"The parking lot is not well-lit at night. Can we add more lighting for safety?","Change"
"The microwave in the break room is too old and slow. Can we replace it?","Change"
"The restroom soap dispensers are often empty. Can we ensure they are refilled regularly?","Change"
"The office computers need antivirus updates. Can we schedule regular checks?","Change"
"The windows in the office are difficult to open. Can we repair them for better ventilation?","Change"
"The emergency exits are blocked by furniture. Can we clear them for safety?","Change"
"The parking garage has poor signage. Can we add more directional signs?","Change"
"The carpet in the meeting room is stained and looks unprofessional. Can we clean or replace it?","Change"
"The Wi-Fi signal is weak in the conference rooms. Can we improve connectivity?","Change"
"The chairs in the lobby are uncomfortable. Can we get more ergonomic options?","Change"
"The signs in the elevator are outdated. Can we update them for better information?","Change"
"The automatic doors often get stuck. Can we service them to ensure smooth operation?","Change"
"The vending machines do not accept cash. Can we update them to accept all forms of payment?","Change"
"The sun shines directly into the reception area, causing glare. Can we install blinds?","Change"
"The conference room lacks a whiteboard. Can we install one for better presentations?","Change"
"The fire extinguishers are not regularly checked. Can we ensure they are maintained properly?","Change"
"The garden area has uneven paths. Can we level them for safer walking?","Change"
"The HVAC system is making a rattling noise. Can we have it inspected and repaired?","Change"
"The office lighting is perfect in the mornings, providing good visibility without being too harsh.","Non-Change"
"The air conditioning unit near my desk works perfectly with no issues like dripping water.","Non-Change"
"The security guard is vigilant and attentive at night, ensuring the safety of the building.","Non-Change"
"The restroom tiles are safe, and non-slip mats are already installed to prevent slips.","Non-Change"
"The outdoor seating area is comfortable in the afternoon with adequate shade and cooling.","Non-Change"
"The office plants are clean and well-maintained, adding to the pleasant environment.","Non-Change"
"The noise from the street is minimal, and the office windows effectively block out any disturbances.","Non-Change"
"The parking lot is well-lit at night, providing a safe environment for everyone.","Non-Change"
"The microwave in the break room is new and heats food quickly and efficiently.","Non-Change"
"The restroom soap dispensers are always full, ensuring hygiene is maintained.","Non-Change"
"The office computers are up-to-date with antivirus software, providing secure and reliable use.","Non-Change"
"The windows in the office open easily, allowing for good ventilation whenever needed.","Non-Change"
"The emergency exits are always clear of any obstructions, ensuring safety at all times.","Non-Change"
"The parking garage has clear and helpful signage, making navigation easy.","Non-Change"
"The carpet in the meeting room is clean and professional, adding to the room's aesthetic.","Non-Change"
"The Wi-Fi signal is strong in the conference rooms, ensuring reliable connectivity for meetings.","Non-Change"
"The chairs in the lobby are ergonomic and comfortable, providing good seating for visitors.","Non-Change"
"The signs in the elevator are up-to-date and provide accurate and useful information.","Non-Change"
"The automatic doors operate smoothly, providing easy access without any issues.","Non-Change"
"The vending machines accept cash and all other forms of payment, making them convenient to use.","Non-Change"
"The sun does not cause glare in the reception area, maintaining a comfortable environment.","Non-Change"
"The conference room is equipped with a whiteboard, facilitating better presentations.","Non-Change"
"The fire extinguishers are regularly checked and maintained, ensuring they are in good working condition.","Non-Change"
"The garden area has smooth and level paths, providing safe walking for everyone.","Non-Change"
"The HVAC system operates quietly without any rattling noise, ensuring a peaceful environment.","Non-Change"
"The office lighting is too dim in the mornings and makes it hard to see clearly. Can we adjust it to provide better visibility and ensure a more productive working environment for everyone?","Change"
"The air conditioning unit near my desk is dripping water, creating a puddle. Can we get it fixed immediately to prevent slips and potential accidents in the office?","Change"
"The security guard often falls asleep at night, leaving the building vulnerable. Can we ensure better vigilance by perhaps rotating shifts or adding more guards?","Change"
"The restroom tiles are very slippery when wet, posing a safety risk. Can we install non-slip mats or a different type of flooring to prevent accidents?","Change"
"The outdoor seating area gets too hot in the afternoon sun, making it uncomfortable to use. Can we add some fans or shade structures to improve the usability of the space?","Change"
"The office plants are dusty and need cleaning. Can we schedule regular maintenance to ensure they stay healthy and contribute positively to the office environment?","Change"
"The noise from the street outside is too loud and disruptive. Can we install soundproof windows to help create a quieter and more focused workspace?","Change"
"The parking lot is not well-lit at night, making it feel unsafe. Can we add more lighting to ensure better visibility and security for everyone using the lot?","Change"
"The microwave in the break room is very old and heats food unevenly. Can we replace it with a new one to ensure it works efficiently for all employees?","Change"
"The restroom soap dispensers are often empty, which is a hygiene concern. Can we ensure they are refilled more frequently to maintain proper hygiene standards?","Change"
"The office computers need antivirus updates to protect against cyber threats. Can we schedule regular checks and updates to ensure the security of our systems?","Change"
"The windows in the office are difficult to open, limiting ventilation. Can we repair them to allow for better airflow and a more comfortable indoor environment?","Change"
"The emergency exits are blocked by furniture and other items, creating a hazard. Can we clear these exits to ensure they are accessible in case of an emergency?","Change"
"The parking garage has poor signage, making it difficult to navigate. Can we add more directional signs to help guide drivers and improve overall safety?","Change"
"The carpet in the meeting room is stained and looks unprofessional. Can we clean or replace it to maintain a clean and professional appearance for visitors and staff?","Change"
"The Wi-Fi signal is weak in the conference rooms, causing disruptions during meetings. Can we improve the connectivity to ensure reliable internet access?","Change"
"The chairs in the lobby are uncomfortable for visitors. Can we replace them with more ergonomic options to ensure a pleasant waiting experience?","Change"
"The signs in the elevator are outdated and not very informative. Can we update them to provide better and more relevant information for users?","Change"
"The automatic doors often get stuck, causing inconvenience. Can we service them regularly to ensure they operate smoothly and efficiently?","Change"
"The vending machines do not accept cash, limiting payment options. Can we update them to accept all forms of payment to make them more convenient to use?","Change"
"The sun shines directly into the reception area, causing glare and heat buildup. Can we install blinds or reflective films to reduce the discomfort for staff and visitors?","Change"
"The conference room lacks a whiteboard, which is essential for presentations and brainstorming sessions. Can we install one to improve the functionality of the space?","Change"
"The fire extinguishers are not regularly checked and maintained, which is a safety risk. Can we ensure they are inspected regularly to confirm they are in working condition?","Change"
"The garden area has uneven paths, which can be hazardous. Can we level them and ensure they are safe for walking, especially for older employees or those with mobility issues?","Change"
"The HVAC system is making a loud rattling noise, disrupting the office. Can we have it inspected and repaired to ensure it operates quietly and efficiently?","Change"
"The office lighting in the mornings is perfect, providing ample brightness to see clearly and work efficiently. The current setup supports a productive environment for everyone.","Non-Change"
"The air conditioning unit near my desk works perfectly, without any issues like dripping water or creating puddles. It keeps the area cool and comfortable.","Non-Change"
"The security guard is always vigilant and attentive at night, ensuring the building remains secure and safe from any potential threats or vulnerabilities.","Non-Change"
"The restroom tiles are safe and non-slippery, even when wet. There are already non-slip mats installed to prevent any accidents, ensuring everyone's safety.","Non-Change"
"The outdoor seating area is comfortable even in the afternoon sun, thanks to the existing fans and shade structures. It remains a pleasant space to use at all times.","Non-Change"
"The office plants are clean and well-maintained, with regular care ensuring they stay healthy and contribute positively to the office environment.","Non-Change"
"The noise from the street is minimal, and the soundproof windows effectively block out any disturbances, creating a quiet and focused workspace.","Non-Change"
"The parking lot is well-lit at night, providing a safe and secure environment for everyone using the lot. The lighting is sufficient and ensures good visibility.","Non-Change"
"The microwave in the break room is new and heats food quickly and evenly, making it convenient for all employees to use during their breaks.","Non-Change"
"The restroom soap dispensers are always full, ensuring proper hygiene is maintained at all times. The refilling schedule is well-managed.","Non-Change"
"The office computers are up-to-date with the latest antivirus software, providing strong protection against cyber threats and ensuring secure systems.","Non-Change"
"The windows in the office open easily, allowing for good ventilation and a comfortable indoor environment. They function perfectly well.","Non-Change"
"The emergency exits are always clear of any obstructions, ensuring they are accessible and safe to use in case of an emergency. This is regularly checked.","Non-Change"
"The parking garage has clear and helpful signage, making it easy to navigate and ensuring the safety of all drivers using the space.","Non-Change"
"The carpet in the meeting room is clean and professional, adding to the overall aesthetic and maintaining a positive impression for visitors and staff.","Non-Change"
"The Wi-Fi signal in the conference rooms is strong and reliable, ensuring smooth and uninterrupted internet access for all meetings and presentations.","Non-Change"
"The chairs in the lobby are ergonomic and comfortable, providing a pleasant seating experience for all visitors while they wait.","Non-Change"
"The signs in the elevator are up-to-date and provide accurate and useful information for all users, helping them navigate the building effectively.","Non-Change"
"The automatic doors operate smoothly and efficiently, providing convenient access without any issues. They are regularly serviced and well-maintained.","Non-Change"
"The vending machines accept cash and all other forms of payment, making them convenient and accessible for everyone to use.","Non-Change"
"The sun does not cause any discomfort in the reception area, as there are effective blinds or reflective films installed to reduce glare and heat buildup.","Non-Change"
"The conference room is equipped with a whiteboard, facilitating effective presentations and brainstorming sessions for all meetings.","Non-Change"
"The fire extinguishers are regularly checked and maintained, ensuring they are in good working condition and ready to use in case of an emergency.","Non-Change"
"The garden area has smooth and level paths, ensuring safe walking for all employees, including older individuals and those with mobility issues.","Non-Change"
"The HVAC system operates quietly without any disruptive noises, providing a comfortable and peaceful working environment for everyone.","Non-Change"
"The lighting in the parking lot is too dim, making it difficult to see clearly at night. Can we install brighter lights to enhance visibility and ensure safety for everyone who uses the parking lot after dark?","Change"
"The office Wi-Fi connection is unreliable, causing frequent disruptions during virtual meetings. Can we upgrade our network infrastructure to provide a more stable and faster internet connection for all employees?","Change"
"The HVAC system in the office is not working efficiently, resulting in uneven temperatures across different areas. Can we have it serviced to ensure a consistent and comfortable temperature throughout the building?","Change"
"The cafeteria seating area is often crowded, making it hard for employees to find a place to sit during lunch breaks. Can we expand the seating area or add more tables and chairs to accommodate everyone comfortably?","Change"
"The air quality in the office seems poor, especially in the mornings. Can we check the air filtration system and ensure it is functioning properly to maintain a healthy indoor environment for all employees?","Change"
"The office kitchen is frequently messy, with unwashed dishes and overflowing trash. Can we implement a cleaning schedule and remind everyone to clean up after themselves to maintain a tidy and hygienic space?","Change"
"The printer in the main office jams frequently, causing delays and frustration. Can we either repair the current printer or invest in a new, more reliable one to ensure smooth printing operations?","Change"
"The noise levels in the open-plan office are too high, making it difficult to concentrate. Can we create designated quiet zones or provide noise-cancelling headphones to help employees focus better on their work?","Change"
"The restroom facilities on the second floor are outdated and often run out of supplies. Can we renovate the restrooms and ensure they are stocked with essential items at all times for everyone's convenience?","Change"
"The security system at the building entrance is slow to respond, causing delays for employees entering and exiting. Can we upgrade the system to improve efficiency and ensure smooth access for all personnel?","Change"
"The office chairs are uncomfortable and do not provide adequate support for long hours of sitting. Can we invest in ergonomic chairs to enhance comfort and reduce the risk of back pain and other issues?","Change"
"The lighting in the conference rooms is too harsh, causing glare on computer screens and whiteboards. Can we install adjustable lighting to create a more suitable environment for meetings and presentations?","Change"
"The temperature in the office varies greatly throughout the day, making it hard to stay comfortable. Can we adjust the HVAC settings to maintain a consistent temperature and ensure a pleasant working environment?","Change"
"The parking lot is often full, forcing employees to park far away from the building. Can we explore options for expanding the parking area or providing alternative parking solutions to accommodate everyone?","Change"
"The break room coffee machine is outdated and frequently breaks down. Can we replace it with a new, reliable model to ensure that employees can enjoy their coffee breaks without any issues?","Change"
"The noise from the construction site next door is disruptive and affects productivity. Can we install soundproofing measures or find other ways to minimize the noise impact on our work environment?","Change"
"The office layout feels cramped and does not facilitate collaboration. Can we consider reconfiguring the space to create a more open and collaborative work environment that encourages teamwork and communication?","Change"
"The elevators are slow and often crowded, causing delays during peak times. Can we evaluate the elevator system and make improvements to enhance efficiency and reduce wait times for all building users?","Change"
"The janitorial staff sometimes misses areas during their cleaning routine, leaving some parts of the office dirty. Can we review the cleaning schedule and ensure thorough cleaning of all areas on a regular basis?","Change"
"The outdoor signage for the building is outdated and difficult to read. Can we update the signage to make it more visible and welcoming for visitors and employees alike?","Change"
"The heating in the office is inconsistent, with some areas being too warm and others too cold. Can we have the heating system inspected and balanced to provide a more comfortable environment for everyone?","Change"
"The power outlets in the meeting rooms are insufficient, causing inconvenience when multiple devices need charging. Can we install additional outlets to meet the power needs of employees during meetings?","Change"
"The office kitchen appliances are old and inefficient, making it hard to prepare meals. Can we upgrade the appliances to newer models that work more effectively and efficiently?","Change"
"The windows in the office are hard to open, limiting ventilation. Can we repair or replace the window mechanisms to allow for better airflow and a more pleasant indoor environment?","Change"
"The break room seating is uncomfortable and inadequate for the number of employees. Can we add more comfortable seating options to ensure everyone has a place to sit and relax during their breaks?","Change"
"The lighting in the parking lot is excellent, providing clear visibility at night. It enhances safety for everyone who uses the parking lot after dark, making it easy to see and navigate the area.","Non-Change"
"The office Wi-Fi connection is reliable and fast, ensuring smooth virtual meetings and uninterrupted internet access for all employees. The network infrastructure supports high productivity levels.","Non-Change"
"The HVAC system in the office works efficiently, maintaining a consistent and comfortable temperature throughout the building. This ensures a pleasant working environment for everyone.","Non-Change"
"The cafeteria seating area is spacious, providing ample space for employees to sit comfortably during lunch breaks. There are enough tables and chairs to accommodate everyone without any crowding issues.","Non-Change"
"The air quality in the office is excellent, with a well-functioning air filtration system that maintains a healthy indoor environment. Employees enjoy fresh and clean air, especially in the mornings.","Non-Change"
"The office kitchen is clean and well-maintained, with everyone following the cleaning schedule and cleaning up after themselves. This ensures a tidy and hygienic space for all employees to use.","Non-Change"
"The printer in the main office works perfectly, with no issues like jamming. It ensures smooth printing operations and saves time and frustration for everyone who needs to print documents.","Non-Change"
"The noise levels in the open-plan office are manageable, allowing employees to concentrate and work effectively. Designated quiet zones and noise-cancelling headphones are available for those who need them.","Non-Change"
"The restroom facilities on the second floor are modern and always well-stocked with essential supplies. They provide a convenient and comfortable space for everyone to use without any issues.","Non-Change"
"The security system at the building entrance is efficient and responds quickly, ensuring smooth access for all personnel. Employees can enter and exit without any delays or inconveniences.","Non-Change"
"The office chairs are comfortable and provide excellent support for long hours of sitting. They help reduce the risk of back pain and other issues, enhancing comfort for all employees.","Non-Change"
"The lighting in the conference rooms is adjustable, providing the perfect environment for meetings and presentations. There is no glare on computer screens and whiteboards, ensuring a suitable setting.","Non-Change"
"The temperature in the office is consistent throughout the day, maintaining a comfortable environment for everyone. The HVAC settings are well-adjusted to provide a pleasant working atmosphere.","Non-Change"
"The parking lot has ample space, ensuring that employees can park close to the building without any issues. There are always enough spots available for everyone.","Non-Change"
"The break room coffee machine is new and reliable, providing delicious coffee for everyone. Employees can enjoy their coffee breaks without any issues or disruptions.","Non-Change"
"The noise from the construction site next door is minimal, thanks to effective soundproofing measures. It does not disrupt the work environment, allowing employees to stay focused and productive.","Non-Change"
"The office layout is spacious and facilitates collaboration, creating a more open and collaborative work environment. It encourages teamwork and communication among employees.","Non-Change"
"The elevators are fast and efficient, reducing wait times during peak hours. They enhance convenience for all building users and ensure smooth access to different floors.","Non-Change"
"The janitorial staff is thorough and diligent, ensuring that all areas of the office are cleaned regularly. This maintains a clean and pleasant environment for everyone to work in.","Non-Change"
"The outdoor signage for the building is modern and easy to read, making it welcoming and visible for visitors and employees. It enhances the overall appearance of the building.","Non-Change"
"The heating in the office is balanced and consistent, providing a comfortable environment for everyone. The heating system works efficiently to ensure optimal temperatures in all areas.","Non-Change"
"The power outlets in the meeting rooms are sufficient, providing enough outlets for multiple devices to charge simultaneously. This meets the power needs of employees during meetings.","Non-Change"
"The office kitchen appliances are modern and efficient, making it easy to prepare meals. They work effectively, providing convenience for everyone who uses the kitchen.","Non-Change"
"The windows in the office open easily, allowing for good ventilation and a pleasant indoor environment. They ensure fresh air flow and a comfortable atmosphere.","Non-Change"
"The break room seating is comfortable and adequate for the number of employees, providing a relaxing space for everyone to sit and unwind during their breaks.","Non-Change"
"The lighting in the basement is so dim, it’s hard to see anything clearly. It feels unsafe walking down there, especially late at night. We really need to install brighter lights to improve visibility and safety.", "Change"
"The conference room booking system is always causing double bookings and scheduling conflicts. It’s a mess trying to organize meetings. We need a more efficient system that prevents these issues and makes scheduling easier.", "Change"
"The air conditioning in the gym is not working properly. It’s always too hot and uncomfortable to work out. We need to get it fixed to ensure a cool and pleasant environment for everyone using the gym.", "Change"
"The office carpet is stained and looks old. It really brings down the appearance of the whole place. We should replace it with something new and fresh to improve the office’s overall look and feel.", "Change"
"The storage closets are always cluttered and disorganized. It’s so hard to find anything. We need to implement a better organizational system to keep everything in order and make it easier to find supplies.", "Change"
"The kitchen microwave is really old and takes forever to heat anything. It’s frustrating when you’re in a hurry. We should get a new, more powerful microwave to make things more efficient for everyone.", "Change"
"The elevator buttons are not responsive at times. It can be really frustrating when you're in a rush. We should get them inspected and fixed to ensure they work smoothly and reliably.", "Change"
"The windows in the office are hard to clean and often look dirty. This really affects the view and overall ambiance. We should consider hiring a professional service to keep them clean regularly.", "Change"
"The printer ink runs out so quickly, and we often don’t have backups. It disrupts work when we can’t print important documents. We need to keep better track of supplies and ensure we always have extras on hand.", "Change"
"The coffee machine in the break room is constantly breaking down. It’s annoying for those of us who rely on it. We should invest in a more reliable machine that can handle heavy use.", "Change"
"The bathroom sinks are frequently clogged, making it hard to use them. It’s really inconvenient. We should get a plumber to fix the issue permanently instead of just temporary fixes.", "Change"
"The office plants are dying and look terrible. They should be maintained better or replaced with new ones to keep the office looking fresh and lively.", "Change"
"The HVAC vents are so dusty, it's affecting the air quality. It can’t be good for our health. We need to schedule regular cleaning of the vents to ensure we’re breathing clean air.", "Change"
"The parking lot spaces are too narrow. It’s difficult to park without worrying about hitting the car next to you. We should re-paint the lines to make the spaces wider and easier to use.", "Change"
"The break room is always too crowded, and there’s not enough seating. It’s hard to relax during breaks. We need more seating options or a bigger space to accommodate everyone.", "Change"
"The security cameras in the stairwells aren’t working properly. It’s a safety concern if something happens there. We need to ensure all cameras are functioning correctly and covering all necessary areas.", "Change"
"The front desk is often unattended, making it hard for visitors to get assistance. We should ensure there's always someone available to help and direct visitors.", "Change"
"The water cooler often runs out, and it takes a while to get it refilled. It’s inconvenient when you need a drink. We should either get a larger cooler or have it refilled more frequently.", "Change"
"The storage area for office supplies is too small, and it’s hard to keep things organized. We need a bigger storage space to keep everything in order and easily accessible.", "Change"
"The meeting room chairs are very uncomfortable for long meetings. It makes it hard to focus. We should get more ergonomic chairs that provide better support.", "Change"
"The lobby music is too loud and distracting. It makes it hard to concentrate, especially if you're near the lobby. We need to lower the volume or choose more soothing music.", "Change"
"The office doors creak loudly when opened or closed. It’s disruptive, especially during quiet times. We should get them oiled or fixed to prevent the noise.", "Change"
"The kitchen refrigerator is too small for the number of people using it. There’s never enough space for everyone’s food. We need a larger fridge to accommodate all the employees.", "Change"
"The fire alarm system is outdated and goes off randomly. It’s disruptive and makes everyone uneasy. We need to upgrade to a more reliable system to ensure safety.", "Change"
"The office desks are not adjustable and make it hard for taller employees to work comfortably. We need to get adjustable desks to accommodate everyone’s needs.", "Change"
"The lighting in the basement is bright and provides clear visibility, making it safe to walk through at any time of day or night.", "Non-Change"
"The conference room booking system works perfectly, preventing double bookings and making it easy to schedule meetings without any conflicts.", "Non-Change"
"The air conditioning in the gym is excellent, keeping the temperature cool and comfortable for everyone working out.", "Non-Change"
"The office carpet is clean and looks new, enhancing the overall appearance and feel of the office.", "Non-Change"
"The storage closets are well-organized and clutter-free, making it easy to find anything you need quickly and efficiently.", "Non-Change"
"The kitchen microwave is new and heats food quickly and efficiently, making meal times convenient for everyone.", "Non-Change"
"The elevator buttons are responsive and work smoothly, ensuring a quick and hassle-free experience for everyone using the elevators.", "Non-Change"
"The windows in the office are always clean, providing a clear view and contributing to a bright and pleasant ambiance.", "Non-Change"
"The printer ink supply is well-maintained, with backups always available to ensure smooth printing operations without any disruptions.", "Non-Change"
"The coffee machine in the break room is reliable and works perfectly, providing fresh coffee whenever needed.", "Non-Change"
"The bathroom sinks are always functioning properly, providing a convenient and hassle-free experience for everyone using the restrooms.", "Non-Change"
"The office plants are healthy and well-maintained, adding a touch of nature and freshness to the office environment.", "Non-Change"
"The HVAC vents are clean and well-maintained, ensuring excellent air quality and a healthy working environment for everyone.", "Non-Change"
"The parking lot spaces are adequately sized, making it easy to park without worrying about hitting the car next to you.", "Non-Change"
"The break room is spacious and has plenty of seating, providing a comfortable place for everyone to relax during their breaks.", "Non-Change"
"The security cameras in the stairwells are functioning perfectly, providing full coverage and ensuring safety throughout the building.", "Non-Change"
"The front desk is always attended by friendly staff, providing assistance and direction to visitors efficiently.", "Non-Change"
"The water cooler is always stocked and provides fresh drinking water, ensuring that everyone stays hydrated throughout the day.", "Non-Change"
"The storage area for office supplies is spacious and well-organized, making it easy to keep everything in order and accessible.", "Non-Change"
"The meeting room chairs are ergonomic and comfortable, making long meetings much more bearable and helping everyone stay focused.", "Non-Change"
"The lobby music is set at a perfect volume and is soothing, creating a welcoming atmosphere without being distracting.", "Non-Change"
"The office doors are silent when opened or closed, preventing any disruptions during quiet work periods.", "Non-Change"
"The kitchen refrigerator is spacious and can accommodate all the employees' food, making it convenient for everyone to store their meals.", "Non-Change"
"The fire alarm system is modern and reliable, ensuring safety without any false alarms or disruptions.", "Non-Change"
"The office desks are adjustable and comfortable, allowing all employees to work in a position that suits their height and preferences.", "Non-Change"